{
    "epoch": 37,
    "train_loss": 5966.083556427353,
    "train_calorie_loss": 5966.083556427353,
    "train_seg_loss": 0.0,
    "val_loss": 9295.832885742188,
    "val_calorie_loss": 9295.832885742188,
    "val_seg_loss": 0.0,
    "mae": 64.5816879272461,
    "mse": 9445.1494140625,
    "mape": 1421641472.0
}