{
    "epoch": 20,
    "train_loss": 8335.529142533225,
    "train_calorie_loss": 8335.529142533225,
    "train_seg_loss": 0.0,
    "val_loss": 9568.362197875977,
    "val_calorie_loss": 9568.362197875977,
    "val_seg_loss": 0.0,
    "mae": 68.75224304199219,
    "mse": 9732.892578125,
    "mape": 11174460416.0
}