{
    "epoch": 29,
    "train_loss": 8020.011213631466,
    "train_calorie_loss": 8019.921966201958,
    "train_seg_loss": 0.1784836382701479,
    "val_loss": 8916.886352539062,
    "val_calorie_loss": 8916.799301147461,
    "val_seg_loss": 0.1741099925711751,
    "mae": 62.78899383544922,
    "mse": 9150.4873046875,
    "mape": 8746037248.0
}