{
    "epoch": 18,
    "train_loss": 7837.892291891164,
    "train_calorie_loss": 7837.892291891164,
    "train_seg_loss": 0.0,
    "val_loss": 9540.19482421875,
    "val_calorie_loss": 9540.19482421875,
    "val_seg_loss": 0.0,
    "mae": 69.47775268554688,
    "mse": 9710.89453125,
    "mape": 15371520000.0
}