{
    "epoch": 18,
    "train_loss": 7921.569107231053,
    "train_calorie_loss": 7921.569107231053,
    "train_seg_loss": 0.0,
    "val_loss": 9058.828979492188,
    "val_calorie_loss": 9058.828979492188,
    "val_seg_loss": 0.0,
    "mae": 65.59109497070312,
    "mse": 9204.5654296875,
    "mape": 8540643840.0
}