{
    "epoch": 18,
    "train_loss": 7899.5791604929955,
    "train_calorie_loss": 7899.5791604929955,
    "train_seg_loss": 0.0,
    "val_loss": 9530.948669433594,
    "val_calorie_loss": 9530.948669433594,
    "val_seg_loss": 0.0,
    "mae": 66.45294952392578,
    "mse": 9697.986328125,
    "mape": 4735612416.0
}