{
    "epoch": 24,
    "train_loss": 5590.729600226742,
    "train_calorie_loss": 5590.644628064386,
    "train_seg_loss": 0.21229592410997414,
    "val_loss": 10335.830963134766,
    "val_calorie_loss": 10335.748550415039,
    "val_seg_loss": 0.20602709148079157,
    "mae": 69.68336486816406,
    "mse": 10394.3681640625,
    "mape": 22002268160.0
}