{
    "epoch": 31,
    "train_loss": 6942.217578405622,
    "train_calorie_loss": 6942.217578405622,
    "train_seg_loss": 0.0,
    "val_loss": 8604.038650512695,
    "val_calorie_loss": 8604.038650512695,
    "val_seg_loss": 0.0,
    "mae": 64.52433776855469,
    "mse": 8773.4580078125,
    "mape": 16789819392.0
}