{
    "epoch": 14,
    "train_loss": 9011.344060086656,
    "train_calorie_loss": 9011.344060086656,
    "train_seg_loss": 0.0,
    "val_loss": 9199.118179321289,
    "val_calorie_loss": 9199.118179321289,
    "val_seg_loss": 0.0,
    "mae": 63.6862907409668,
    "mse": 9366.8828125,
    "mape": 7273211904.0
}