{
    "epoch": 1,
    "train_loss": 103478.34752155172,
    "train_calorie_loss": 103478.34752155172,
    "train_seg_loss": 0.0,
    "val_loss": 103664.44067382812,
    "val_calorie_loss": 103664.44067382812,
    "val_seg_loss": 0.0,
    "mae": 236.3184356689453,
    "mse": 105230.109375,
    "mape": 455021536.0
}