{
    "epoch": 33,
    "train_loss": 7020.790580661817,
    "train_calorie_loss": 7020.709450206537,
    "train_seg_loss": 0.2705723694686232,
    "val_loss": 9472.802764892578,
    "val_calorie_loss": 9472.725982666016,
    "val_seg_loss": 0.2561388183385134,
    "mae": 65.80439758300781,
    "mse": 9675.208984375,
    "mape": 10318255104.0
}