{
    "epoch": 18,
    "train_loss": 7754.692249517331,
    "train_calorie_loss": 7754.692249517331,
    "train_seg_loss": 0.0,
    "val_loss": 8777.837661743164,
    "val_calorie_loss": 8777.837661743164,
    "val_seg_loss": 0.0,
    "mae": 61.46110534667969,
    "mse": 8957.0263671875,
    "mape": 4748621312.0
}