{
    "epoch": 18,
    "train_loss": 7830.809977213542,
    "train_calorie_loss": 7830.809977213542,
    "train_seg_loss": 0.0,
    "val_loss": 9211.855651855469,
    "val_calorie_loss": 9211.855651855469,
    "val_seg_loss": 0.0,
    "mae": 66.88410949707031,
    "mse": 9361.3759765625,
    "mape": 6491917824.0
}