{
    "epoch": 15,
    "train_loss": 9468.399419674928,
    "train_calorie_loss": 9468.399419674928,
    "train_seg_loss": 0.0,
    "val_loss": 8538.842071533203,
    "val_calorie_loss": 8538.842071533203,
    "val_seg_loss": 0.0,
    "mae": 62.420257568359375,
    "mse": 8402.6259765625,
    "mape": 5986574848.0
}