{
    "epoch": 9,
    "train_loss": 10622.13852033944,
    "train_calorie_loss": 10621.877034505209,
    "train_seg_loss": 0.5231889232821848,
    "val_loss": 10175.951721191406,
    "val_calorie_loss": 10175.692687988281,
    "val_seg_loss": 0.5180193819105625,
    "mae": 70.1633529663086,
    "mse": 10334.861328125,
    "mape": 18487083008.0
}