{
    "epoch": 16,
    "train_loss": 8676.68729093705,
    "train_calorie_loss": 8676.68729093705,
    "train_seg_loss": 0.0,
    "val_loss": 9421.453430175781,
    "val_calorie_loss": 9421.453430175781,
    "val_seg_loss": 0.0,
    "mae": 69.53707122802734,
    "mse": 9573.4599609375,
    "mape": 10087696384.0
}