{
    "epoch": 18,
    "train_loss": 7929.085920662716,
    "train_calorie_loss": 7929.085920662716,
    "train_seg_loss": 0.0,
    "val_loss": 8503.018341064453,
    "val_calorie_loss": 8503.018341064453,
    "val_seg_loss": 0.0,
    "mae": 64.68431854248047,
    "mse": 8664.1845703125,
    "mape": 6759979008.0
}