{
    "epoch": 13,
    "train_loss": 19599.520917519756,
    "train_calorie_loss": 19599.44269149605,
    "train_seg_loss": 0.3920407946082367,
    "val_loss": 12190.97314453125,
    "val_calorie_loss": 12190.898742675781,
    "val_seg_loss": 0.3719892241060734,
    "mae": 76.75361633300781,
    "mse": 12335.9033203125,
    "mape": 5908719104.0
}