{
    "epoch": 34,
    "train_loss": 6304.033218559178,
    "train_calorie_loss": 6304.033218559178,
    "train_seg_loss": 0.0,
    "val_loss": 8462.234191894531,
    "val_calorie_loss": 8462.234191894531,
    "val_seg_loss": 0.0,
    "mae": 63.855342864990234,
    "mse": 8537.830078125,
    "mape": 17246853120.0
}