{
    "epoch": 38,
    "train_loss": 5209.154188835758,
    "train_calorie_loss": 5209.055257161458,
    "train_seg_loss": 0.24738747001379385,
    "val_loss": 8832.806549072266,
    "val_calorie_loss": 8832.706588745117,
    "val_seg_loss": 0.24980165623128414,
    "mae": 64.83219909667969,
    "mse": 9023.14453125,
    "mape": 7905414144.0
}