{
    "epoch": 31,
    "train_loss": 5816.774680652838,
    "train_calorie_loss": 5816.774680652838,
    "train_seg_loss": 0.0,
    "val_loss": 8793.935958862305,
    "val_calorie_loss": 8793.935958862305,
    "val_seg_loss": 0.0,
    "mae": 64.47708892822266,
    "mse": 8960.0576171875,
    "mape": 25037264896.0
}