{
    "epoch": 18,
    "train_loss": 7942.169387291217,
    "train_calorie_loss": 7942.169387291217,
    "train_seg_loss": 0.0,
    "val_loss": 8253.552368164062,
    "val_calorie_loss": 8253.552368164062,
    "val_seg_loss": 0.0,
    "mae": 62.99363327026367,
    "mse": 8412.548828125,
    "mape": 4380078080.0
}