{
    "epoch": 23,
    "train_loss": 6577.073486328125,
    "train_calorie_loss": 6577.073486328125,
    "train_seg_loss": 0.0,
    "val_loss": 8338.021118164062,
    "val_calorie_loss": 8338.021118164062,
    "val_seg_loss": 0.0,
    "mae": 61.552433013916016,
    "mse": 8097.93603515625,
    "mape": 22176233472.0
}