{
    "epoch": 25,
    "train_loss": 6677.58435900458,
    "train_calorie_loss": 6677.58435900458,
    "train_seg_loss": 0.0,
    "val_loss": 8199.783500671387,
    "val_calorie_loss": 8199.783500671387,
    "val_seg_loss": 0.0,
    "mae": 60.65407943725586,
    "mse": 8277.505859375,
    "mape": 19337885696.0
}