{
    "epoch": 16,
    "train_loss": 8258.886948859554,
    "train_calorie_loss": 8258.702948208513,
    "train_seg_loss": 0.45990222692489624,
    "val_loss": 9786.280670166016,
    "val_calorie_loss": 9786.096893310547,
    "val_seg_loss": 0.4593526069074869,
    "mae": 69.3815689086914,
    "mse": 9914.34765625,
    "mape": 15556704256.0
}