{
    "epoch": 21,
    "train_loss": 6582.354067046067,
    "train_calorie_loss": 6582.354067046067,
    "train_seg_loss": 0.0,
    "val_loss": 8027.849365234375,
    "val_calorie_loss": 8027.849365234375,
    "val_seg_loss": 0.0,
    "mae": 61.15052795410156,
    "mse": 7849.62548828125,
    "mape": 5606362624.0
}