{
    "epoch": 18,
    "train_loss": 7684.125822220725,
    "train_calorie_loss": 7684.125822220725,
    "train_seg_loss": 0.0,
    "val_loss": 8694.887252807617,
    "val_calorie_loss": 8694.887252807617,
    "val_seg_loss": 0.0,
    "mae": 63.064327239990234,
    "mse": 8871.1591796875,
    "mape": 4242245888.0
}