{
    "epoch": 21,
    "train_loss": 5070.937647619913,
    "train_calorie_loss": 5070.937647619913,
    "train_seg_loss": 0.0,
    "val_loss": 9483.534393310547,
    "val_calorie_loss": 9483.534393310547,
    "val_seg_loss": 0.0,
    "mae": 63.54975509643555,
    "mse": 9315.8935546875,
    "mape": 11043807232.0
}