{
    "epoch": 21,
    "train_loss": 8188.953007139009,
    "train_calorie_loss": 8188.833660257274,
    "train_seg_loss": 0.2982177021859706,
    "val_loss": 8677.803359985352,
    "val_calorie_loss": 8677.685806274414,
    "val_seg_loss": 0.2938652988523245,
    "mae": 66.07516479492188,
    "mse": 8847.6865234375,
    "mape": 21879918592.0
}