{
    "epoch": 35,
    "train_loss": 5765.639082985363,
    "train_calorie_loss": 5765.639082985363,
    "train_seg_loss": 0.0,
    "val_loss": 8360.757843017578,
    "val_calorie_loss": 8360.757843017578,
    "val_seg_loss": 0.0,
    "mae": 59.2781867980957,
    "mse": 8144.11083984375,
    "mape": 7353914368.0
}