{
    "epoch": 16,
    "train_loss": 18982.13192573635,
    "train_calorie_loss": 18982.13192573635,
    "train_seg_loss": 0.0,
    "val_loss": 10807.27944946289,
    "val_calorie_loss": 10807.27944946289,
    "val_seg_loss": 0.0,
    "mae": 72.81463623046875,
    "mse": 11008.6083984375,
    "mape": 9930754048.0
}