{
    "epoch": 18,
    "train_loss": 7848.749803565014,
    "train_calorie_loss": 7848.749803565014,
    "train_seg_loss": 0.0,
    "val_loss": 8821.714263916016,
    "val_calorie_loss": 8821.714263916016,
    "val_seg_loss": 0.0,
    "mae": 64.02915954589844,
    "mse": 9012.3759765625,
    "mape": 4276627968.0
}