{
    "epoch": 28,
    "train_loss": 4993.350804120645,
    "train_calorie_loss": 4993.350804120645,
    "train_seg_loss": 0.0,
    "val_loss": 8947.60954284668,
    "val_calorie_loss": 8947.60954284668,
    "val_seg_loss": 0.0,
    "mae": 63.593971252441406,
    "mse": 9085.4970703125,
    "mape": 13606761472.0
}