{
    "epoch": 18,
    "train_loss": 7826.697977000269,
    "train_calorie_loss": 7826.697977000269,
    "train_seg_loss": 0.0,
    "val_loss": 9195.85775756836,
    "val_calorie_loss": 9195.85775756836,
    "val_seg_loss": 0.0,
    "mae": 66.91584777832031,
    "mse": 9326.064453125,
    "mape": 19896602624.0
}