{
    "epoch": 39,
    "train_loss": 10452.216373136675,
    "train_calorie_loss": 10452.216373136675,
    "train_seg_loss": 0.0,
    "val_loss": 9381.52554321289,
    "val_calorie_loss": 9381.52554321289,
    "val_seg_loss": 0.0,
    "mae": 65.82560729980469,
    "mse": 9557.4951171875,
    "mape": 4983985152.0
}