{
    "epoch": 23,
    "train_loss": 7863.659408393947,
    "train_calorie_loss": 7863.514214877425,
    "train_seg_loss": 0.36317327721365567,
    "val_loss": 9196.370391845703,
    "val_calorie_loss": 9196.224105834961,
    "val_seg_loss": 0.3655150290578604,
    "mae": 61.444175720214844,
    "mse": 9420.232421875,
    "mape": 5859382784.0
}