{
    "epoch": 8,
    "train_loss": 28116.77114762931,
    "train_calorie_loss": 28116.77114762931,
    "train_seg_loss": 0.0,
    "val_loss": 18519.69549560547,
    "val_calorie_loss": 18519.69549560547,
    "val_seg_loss": 0.0,
    "mae": 97.0107650756836,
    "mse": 18826.009765625,
    "mape": 22067984384.0
}