{
    "epoch": 34,
    "train_loss": 5726.032018902658,
    "train_calorie_loss": 5726.032018902658,
    "train_seg_loss": 0.0,
    "val_loss": 8630.669952392578,
    "val_calorie_loss": 8630.669952392578,
    "val_seg_loss": 0.0,
    "mae": 64.57643127441406,
    "mse": 8797.814453125,
    "mape": 13675566080.0
}