{
    "epoch": 13,
    "train_loss": 8783.6872207817,
    "train_calorie_loss": 8783.533786817528,
    "train_seg_loss": 0.5113471756721365,
    "val_loss": 9906.010559082031,
    "val_calorie_loss": 9905.85806274414,
    "val_seg_loss": 0.5084969103336334,
    "mae": 68.59485626220703,
    "mse": 10005.41796875,
    "mape": 9985865728.0
}