{
    "epoch": 23,
    "train_loss": 29717.57150233477,
    "train_calorie_loss": 29717.57150233477,
    "train_seg_loss": 0.0,
    "val_loss": 17423.493896484375,
    "val_calorie_loss": 17423.493896484375,
    "val_seg_loss": 0.0,
    "mae": 88.7309799194336,
    "mse": 17721.65234375,
    "mape": 12908175360.0
}