{
    "epoch": 39,
    "train_loss": 9420.191504467493,
    "train_calorie_loss": 9420.191504467493,
    "train_seg_loss": 0.0,
    "val_loss": 11091.758178710938,
    "val_calorie_loss": 11091.758178710938,
    "val_seg_loss": 0.0,
    "mae": 70.50867462158203,
    "mse": 11176.599609375,
    "mape": 7877320704.0
}