{
    "epoch": 20,
    "train_loss": 6775.078597847072,
    "train_calorie_loss": 6774.91730508037,
    "train_seg_loss": 0.32261382779855835,
    "val_loss": 9445.596298217773,
    "val_calorie_loss": 9445.43782043457,
    "val_seg_loss": 0.3170500285923481,
    "mae": 66.45464324951172,
    "mse": 9590.2041015625,
    "mape": 10136088576.0
}