{
    "epoch": 16,
    "train_loss": 10356.671089260057,
    "train_calorie_loss": 10356.671089260057,
    "train_seg_loss": 0.0,
    "val_loss": 10418.975891113281,
    "val_calorie_loss": 10418.975891113281,
    "val_seg_loss": 0.0,
    "mae": 67.75916290283203,
    "mse": 10601.7578125,
    "mape": 6429182976.0
}