{
    "epoch": 29,
    "train_loss": 5150.433797902075,
    "train_calorie_loss": 5150.369149043642,
    "train_seg_loss": 0.16163148927962642,
    "val_loss": 9505.921905517578,
    "val_calorie_loss": 9505.859680175781,
    "val_seg_loss": 0.15574204362928867,
    "mae": 69.83863830566406,
    "mse": 9632.8330078125,
    "mape": 34100754432.0
}