{
    "epoch": 18,
    "train_loss": 8458.620940811332,
    "train_calorie_loss": 8458.620940811332,
    "train_seg_loss": 0.0,
    "val_loss": 9446.561920166016,
    "val_calorie_loss": 9446.561920166016,
    "val_seg_loss": 0.0,
    "mae": 66.26611328125,
    "mse": 9544.0322265625,
    "mape": 18667771904.0
}