{
    "epoch": 25,
    "train_loss": 6678.402273594648,
    "train_calorie_loss": 6678.402273594648,
    "train_seg_loss": 0.0,
    "val_loss": 9164.19857788086,
    "val_calorie_loss": 9164.19857788086,
    "val_seg_loss": 0.0,
    "mae": 67.20628356933594,
    "mse": 9295.736328125,
    "mape": 34285762560.0
}