{
    "epoch": 12,
    "train_loss": 8051.6938672997485,
    "train_calorie_loss": 8051.550060052981,
    "train_seg_loss": 0.47960693808807725,
    "val_loss": 10115.415802001953,
    "val_calorie_loss": 10115.271377563477,
    "val_seg_loss": 0.4811344165354967,
    "mae": 72.40309143066406,
    "mse": 10345.865234375,
    "mape": 18355402752.0
}