{
    "epoch": 16,
    "train_loss": 7994.015588519217,
    "train_calorie_loss": 7994.015588519217,
    "train_seg_loss": 0.0,
    "val_loss": 2352.864471435547,
    "val_calorie_loss": 2352.864471435547,
    "val_seg_loss": 0.0,
    "mae": 33.3696403503418,
    "mse": 2368.14990234375,
    "mape": 4034998272.0
}