{
    "epoch": 33,
    "train_loss": 4048.885220231681,
    "train_calorie_loss": 4048.7275643184266,
    "train_seg_loss": 0.39410586055667923,
    "val_loss": 9161.848114013672,
    "val_calorie_loss": 9161.692840576172,
    "val_seg_loss": 0.3885454684495926,
    "mae": 66.43315124511719,
    "mse": 9311.57421875,
    "mape": 5330954240.0
}