{
    "epoch": 13,
    "train_loss": 8086.497460376258,
    "train_calorie_loss": 8086.497460376258,
    "train_seg_loss": 0.0,
    "val_loss": 8791.521980285645,
    "val_calorie_loss": 8791.521980285645,
    "val_seg_loss": 0.0,
    "mae": 64.2079086303711,
    "mse": 8921.9169921875,
    "mape": 3252665856.0
}