{
    "epoch": 28,
    "train_loss": 7247.2015170393315,
    "train_calorie_loss": 7247.114993040589,
    "train_seg_loss": 0.2886075922127428,
    "val_loss": 8960.686172485352,
    "val_calorie_loss": 8960.601867675781,
    "val_seg_loss": 0.280564958229661,
    "mae": 64.61968994140625,
    "mse": 9096.421875,
    "mape": 18499155968.0
}