{
    "epoch": 26,
    "train_loss": 6542.497125033675,
    "train_calorie_loss": 6542.497125033675,
    "train_seg_loss": 0.0,
    "val_loss": 9964.014404296875,
    "val_calorie_loss": 9964.014404296875,
    "val_seg_loss": 0.0,
    "mae": 68.58360290527344,
    "mse": 10067.0517578125,
    "mape": 12057450496.0
}