{
    "epoch": 35,
    "train_loss": 4655.3069531670935,
    "train_calorie_loss": 4655.112322927892,
    "train_seg_loss": 0.38938689334639187,
    "val_loss": 9212.487579345703,
    "val_calorie_loss": 9212.292297363281,
    "val_seg_loss": 0.39079305715858936,
    "mae": 63.57705307006836,
    "mse": 9299.36328125,
    "mape": 5105928192.0
}