{
    "epoch": 10,
    "train_loss": 11204.333588698815,
    "train_calorie_loss": 11204.220200812679,
    "train_seg_loss": 0.37744769145702495,
    "val_loss": 9745.809051513672,
    "val_calorie_loss": 9745.696762084961,
    "val_seg_loss": 0.37432996183633804,
    "mae": 68.21385955810547,
    "mse": 9983.330078125,
    "mape": 15187233792.0
}