{
    "epoch": 13,
    "train_loss": 9639.645977853359,
    "train_calorie_loss": 9639.573444234913,
    "train_seg_loss": 0.3631569845923062,
    "val_loss": 8971.299072265625,
    "val_calorie_loss": 8971.227142333984,
    "val_seg_loss": 0.359721302986145,
    "mae": 68.08372497558594,
    "mse": 9155.7373046875,
    "mape": 10199531520.0
}