{
    "epoch": 22,
    "train_loss": 7984.289333299659,
    "train_calorie_loss": 7984.144651917205,
    "train_seg_loss": 0.2894903914681796,
    "val_loss": 8451.02914428711,
    "val_calorie_loss": 8450.886749267578,
    "val_seg_loss": 0.28505009040236473,
    "mae": 63.925323486328125,
    "mse": 8523.7802734375,
    "mape": 9439521792.0
}