{
    "epoch": 39,
    "train_loss": 43615.49696928879,
    "train_calorie_loss": 43615.49696928879,
    "train_seg_loss": 0.0,
    "val_loss": 49662.76940917969,
    "val_calorie_loss": 49662.76940917969,
    "val_seg_loss": 0.0,
    "mae": 162.87442016601562,
    "mse": 50281.19921875,
    "mape": 251314368.0
}