{
    "epoch": 31,
    "train_loss": 5621.570076076464,
    "train_calorie_loss": 5621.432323236575,
    "train_seg_loss": 0.27551660386995336,
    "val_loss": 8875.250686645508,
    "val_calorie_loss": 8875.101654052734,
    "val_seg_loss": 0.29814224131405354,
    "mae": 63.70116424560547,
    "mse": 9031.810546875,
    "mape": 11099985920.0
}