{
    "epoch": 37,
    "train_loss": 6089.61087772764,
    "train_calorie_loss": 6089.61087772764,
    "train_seg_loss": 0.0,
    "val_loss": 8643.223266601562,
    "val_calorie_loss": 8643.223266601562,
    "val_seg_loss": 0.0,
    "mae": 63.77726364135742,
    "mse": 8780.60546875,
    "mape": 7498417664.0
}