{
    "epoch": 14,
    "train_loss": 8145.637830010776,
    "train_calorie_loss": 8145.637830010776,
    "train_seg_loss": 0.0,
    "val_loss": 9181.18716430664,
    "val_calorie_loss": 9181.18716430664,
    "val_seg_loss": 0.0,
    "mae": 64.95284271240234,
    "mse": 9344.623046875,
    "mape": 9467495424.0
}