{
    "epoch": 13,
    "train_loss": 8250.796353044181,
    "train_calorie_loss": 8250.796353044181,
    "train_seg_loss": 0.0,
    "val_loss": 9676.67349243164,
    "val_calorie_loss": 9676.67349243164,
    "val_seg_loss": 0.0,
    "mae": 71.93804168701172,
    "mse": 9795.384765625,
    "mape": 17153614848.0
}